channel,weight,bound_meshes,moved_meshes,moved_vertices,max_displacement_m,reset_max_m
Eye_Blink_L,0.25,5,1,2698,0.0113340486,0
Eye_Blink_L,0.5,5,1,2698,0.0226680897,0
Eye_Blink_L,1,5,1,2698,0.045336172,0
Eye_Blink_R,0.25,5,1,2709,0.0113412691,0
Eye_Blink_R,0.5,5,1,2709,0.0226825308,0
Eye_Blink_R,1,5,1,2709,0.0453649536,0
Brow_Down_L,0.25,5,3,6241,0.00467397226,0
Brow_Down_L,0.5,5,3,6241,0.00934801437,0
Brow_Down_L,1,5,3,6241,0.018695958,0
Brow_Down_R,0.25,5,3,6154,0.00459163636,0
Brow_Down_R,0.5,5,3,6154,0.00918327179,0
Brow_Down_R,1,5,3,6154,0.0183665119,0
Brow_Raise_In_L,0.25,5,3,3866,0.00409438135,0
Brow_Raise_In_L,0.5,5,3,3866,0.00818840135,0
Brow_Raise_In_L,1,5,3,3866,0.0163767971,0
Brow_Raise_In_R,0.25,5,3,3798,0.00400036247,0
Brow_Raise_In_R,0.5,5,3,3798,0.00800072029,0
Brow_Raise_In_R,1,5,3,3798,0.0160013214,0
Brow_Raise_Outer_L,0.25,5,2,5673,0.00210907497,0
Brow_Raise_Outer_L,0.5,5,2,5673,0.00421819091,0
Brow_Raise_Outer_L,1,5,2,5673,0.0084364526,0
Brow_Raise_Outer_R,0.25,5,2,5670,0.0021078391,0
Brow_Raise_Outer_R,0.5,5,2,5670,0.00421556691,0
Brow_Raise_Outer_R,1,5,2,5670,0.00843120366,0
Eye_Widen_L,0.25,5,5,5765,0.00337277749,0
Eye_Widen_L,0.5,5,5,5765,0.00674566859,0
Eye_Widen_L,1,5,5,5765,0.0134914527,0
Eye_Widen_R,0.25,5,5,5766,0.00338290678,0
Eye_Widen_R,0.5,5,5,5766,0.00676569948,0
Eye_Widen_R,1,5,5,5766,0.0135313999,0
Mouth_Corner_Pull_L,0.25,5,2,8532,0.00485081784,0
Mouth_Corner_Pull_L,0.5,5,2,8532,0.0097014904,0
Mouth_Corner_Pull_L,1,5,2,8532,0.0194030795,0
Mouth_Corner_Pull_R,0.25,5,2,8434,0.00484822178,0
Mouth_Corner_Pull_R,0.5,5,2,8434,0.00969649293,0
Mouth_Corner_Pull_R,1,5,2,8434,0.0193930827,0
Mouth_Corner_Depress_L,0.25,5,1,5758,0.00212242268,0
Mouth_Corner_Depress_L,0.5,5,1,5758,0.00424484536,0
Mouth_Corner_Depress_L,1,5,1,5758,0.00848960783,0
Mouth_Corner_Depress_R,0.25,5,1,5671,0.0021220909,0
Mouth_Corner_Depress_R,0.5,5,1,5671,0.00424415804,0
Mouth_Corner_Depress_R,1,5,1,5671,0.00848831609,0
Mouth_Stretch_L,0.25,5,1,6235,0.00386593957,0
Mouth_Stretch_L,0.5,5,1,6235,0.00773187913,0
Mouth_Stretch_L,1,5,1,6235,0.0154637182,0
Mouth_Stretch_R,0.25,5,1,6235,0.00386619219,0
Mouth_Stretch_R,0.5,5,1,6235,0.00773238437,0
Mouth_Stretch_R,1,5,1,6235,0.0154648973,0
Mouth_Left,0.25,6,3,12580,0.00676152576,0
Mouth_Left,0.5,6,3,12580,0.0135230422,0
Mouth_Left,1,6,3,12580,0.0270461328,0
Mouth_Right,0.25,7,3,12691,0.00675618509,0
Mouth_Right,0.5,7,3,12691,0.0135123366,0
Mouth_Right,1,7,3,12691,0.0270247459,0
Jaw_Open,0.25,6,4,24078,0.00498157879,0
Jaw_Open,0.5,6,4,24078,0.00996298902,0
Jaw_Open,1,6,4,24078,0.0199260619,0
V_Open,0.25,3,2,11693,0.00224715099,0
V_Open,0.5,3,2,11693,0.00449420605,0
V_Open,1,3,2,11693,0.00898848288,0
V_Explosive,0.25,3,1,7187,0.000604653091,0
V_Explosive,0.5,3,1,7187,0.00120933971,0
V_Explosive,1,3,1,7187,0.00241858,0
V_Dental_Lip,0.25,3,1,10607,0.00228686747,0
V_Dental_Lip,0.5,3,1,10607,0.00457368791,0
V_Dental_Lip,1,3,1,10607,0.00914733298,0
V_Tight_O,0.25,3,2,11152,0.00341475569,0
V_Tight_O,0.5,3,2,11152,0.00682940381,0
V_Tight_O,1,3,2,11152,0.0136587108,0
V_Tight,0.25,3,1,8039,0.00254778983,0
V_Tight,0.5,3,1,8039,0.00509547163,0
V_Tight,1,3,1,8039,0.0101908427,0
V_Wide,0.25,3,1,13273,0.00130758027,0
V_Wide,0.5,3,1,13273,0.00261517125,0
V_Wide,1,3,1,13273,0.00523024844,0
V_Affricate,0.25,3,1,10754,0.00214315578,0
V_Affricate,0.5,3,1,10754,0.00428624731,0
V_Affricate,1,3,1,10754,0.00857249461,0
V_Lip_Open,0.25,3,1,6677,0.00147274649,0
V_Lip_Open,0.5,3,1,6677,0.0029457144,0
V_Lip_Open,1,3,1,6677,0.00589132542,0
V_Tongue_up,0.25,2,1,1300,0.000457925431,0
V_Tongue_up,0.5,2,1,1300,0.000915731711,0
V_Tongue_up,1,2,1,1300,0.00183158251,0
V_Tongue_Out,0.25,2,1,1300,0.00307618012,0
V_Tongue_Out,0.5,2,1,1300,0.00615247805,0
V_Tongue_Out,1,2,1,1300,0.0123049719,0
V_Tongue_Raise,0.25,2,1,1300,0.00296544097,0
V_Tongue_Raise,0.5,2,1,1300,0.00593098579,0
V_Tongue_Raise,1,2,1,1300,0.0118619259,0
