channel,renderer,vertices,moved_vertices,max_displacement_m
Eye_Blink_L,"Brows",3036,0,0
Eye_Blink_L,"CC_Base_Body",59930,2698,0.045336172
Eye_Blink_L,"CC_Base_EyeOcclusion",650,0,0
Eye_Blink_L,"CC_Base_Tear_Ducts",275,0,0
Eye_Blink_L,"CC_Base_TearLine",2172,0,0
Eye_Blink_R,"Brows",3036,0,0
Eye_Blink_R,"CC_Base_Body",59930,2709,0.0453649536
Eye_Blink_R,"CC_Base_EyeOcclusion",650,0,0
Eye_Blink_R,"CC_Base_Tear_Ducts",275,0,0
Eye_Blink_R,"CC_Base_TearLine",2172,0,0
Brow_Down_L,"Brows",3036,1712,0.0185796227
Brow_Down_L,"CC_Base_Body",59930,4525,0.018695958
Brow_Down_L,"CC_Base_EyeOcclusion",650,0,0
Brow_Down_L,"CC_Base_Tear_Ducts",275,4,4.2681233E-05
Brow_Down_L,"CC_Base_TearLine",2172,0,0
Brow_Down_R,"Brows",3036,1660,0.0182189438
Brow_Down_R,"CC_Base_Body",59930,4490,0.0183665119
Brow_Down_R,"CC_Base_EyeOcclusion",650,0,0
Brow_Down_R,"CC_Base_Tear_Ducts",275,4,4.25620128E-05
Brow_Down_R,"CC_Base_TearLine",2172,0,0
Brow_Raise_In_L,"Brows",3036,1189,0.0148240114
Brow_Raise_In_L,"CC_Base_Body",59930,2602,0.0163767971
Brow_Raise_In_L,"CC_Base_EyeOcclusion",650,0,0
Brow_Raise_In_L,"CC_Base_Tear_Ducts",275,75,0.000155933871
Brow_Raise_In_L,"CC_Base_TearLine",2172,0,0
Brow_Raise_In_R,"Brows",3036,1161,0.0147301098
Brow_Raise_In_R,"CC_Base_Body",59930,2562,0.0160013214
Brow_Raise_In_R,"CC_Base_EyeOcclusion",650,0,0
Brow_Raise_In_R,"CC_Base_Tear_Ducts",275,75,0.000155933842
Brow_Raise_In_R,"CC_Base_TearLine",2172,0,0
Brow_Raise_Outer_L,"Brows",3036,1516,0.00828102883
Brow_Raise_Outer_L,"CC_Base_Body",59930,4157,0.0084364526
Brow_Raise_Outer_L,"CC_Base_EyeOcclusion",650,0,0
Brow_Raise_Outer_L,"CC_Base_Tear_Ducts",275,0,0
Brow_Raise_Outer_L,"CC_Base_TearLine",2172,0,0
Brow_Raise_Outer_R,"Brows",3036,1520,0.00827955455
Brow_Raise_Outer_R,"CC_Base_Body",59930,4150,0.00843120366
Brow_Raise_Outer_R,"CC_Base_EyeOcclusion",650,0,0
Brow_Raise_Outer_R,"CC_Base_Tear_Ducts",275,0,0
Brow_Raise_Outer_R,"CC_Base_TearLine",2172,0,0
Eye_Widen_L,"Brows",3036,1225,0.000345918466
Eye_Widen_L,"CC_Base_Body",59930,2991,0.0107778367
Eye_Widen_L,"CC_Base_EyeOcclusion",650,325,0.0134914527
Eye_Widen_L,"CC_Base_Tear_Ducts",275,138,0.00151142676
Eye_Widen_L,"CC_Base_TearLine",2172,1086,0.00904012099
Eye_Widen_R,"Brows",3036,1230,0.000346502638
Eye_Widen_R,"CC_Base_Body",59930,2988,0.0107773663
Eye_Widen_R,"CC_Base_EyeOcclusion",650,325,0.0135313999
Eye_Widen_R,"CC_Base_Tear_Ducts",275,137,0.00151136215
Eye_Widen_R,"CC_Base_TearLine",2172,1086,0.00904791337
Mouth_Corner_Pull_L,"Brows",3036,220,0.000117945681
Mouth_Corner_Pull_L,"CC_Base_Body",59930,8312,0.0194030795
Mouth_Corner_Pull_L,"CC_Base_EyeOcclusion",650,0,0
Mouth_Corner_Pull_L,"CC_Base_Tear_Ducts",275,0,0
Mouth_Corner_Pull_L,"CC_Base_TearLine",2172,0,0
Mouth_Corner_Pull_R,"Brows",3036,220,0.000117569616
Mouth_Corner_Pull_R,"CC_Base_Body",59930,8214,0.0193930827
Mouth_Corner_Pull_R,"CC_Base_EyeOcclusion",650,0,0
Mouth_Corner_Pull_R,"CC_Base_Tear_Ducts",275,0,0
Mouth_Corner_Pull_R,"CC_Base_TearLine",2172,0,0
Mouth_Corner_Depress_L,"Brows",3036,0,0
Mouth_Corner_Depress_L,"CC_Base_Body",59930,5758,0.00848960783
Mouth_Corner_Depress_L,"CC_Base_EyeOcclusion",650,0,0
Mouth_Corner_Depress_L,"CC_Base_Tear_Ducts",275,0,0
Mouth_Corner_Depress_L,"CC_Base_TearLine",2172,0,0
Mouth_Corner_Depress_R,"Brows",3036,0,0
Mouth_Corner_Depress_R,"CC_Base_Body",59930,5671,0.00848831609
Mouth_Corner_Depress_R,"CC_Base_EyeOcclusion",650,0,0
Mouth_Corner_Depress_R,"CC_Base_Tear_Ducts",275,0,0
Mouth_Corner_Depress_R,"CC_Base_TearLine",2172,0,0
Mouth_Stretch_L,"Brows",3036,0,0
Mouth_Stretch_L,"CC_Base_Body",59930,6235,0.0154637182
Mouth_Stretch_L,"CC_Base_EyeOcclusion",650,0,0
Mouth_Stretch_L,"CC_Base_Tear_Ducts",275,0,0
Mouth_Stretch_L,"CC_Base_TearLine",2172,0,0
Mouth_Stretch_R,"Brows",3036,0,0
Mouth_Stretch_R,"CC_Base_Body",59930,6235,0.0154648973
Mouth_Stretch_R,"CC_Base_EyeOcclusion",650,0,0
Mouth_Stretch_R,"CC_Base_Tear_Ducts",275,0,0
Mouth_Stretch_R,"CC_Base_TearLine",2172,0,0
Mouth_Left,"Brows",3036,0,0
Mouth_Left,"CC_Base_Body",59930,12437,0.0270461328
Mouth_Left,"CC_Base_EyeOcclusion",650,0,0
Mouth_Left,"CC_Base_Tear_Ducts",275,138,7.3436684E-05
Mouth_Left,"CC_Base_Tongue",1300,5,9.7270291E-05
Mouth_Left,"CC_Toon_Teeth",16381,0,0
Mouth_Right,"Brows",3036,0,0
Mouth_Right,"CC_Base_Body",59930,12431,0.0270247459
Mouth_Right,"CC_Base_EyeOcclusion",650,0,0
Mouth_Right,"CC_Base_Tear_Ducts",275,130,9.71187765E-05
Mouth_Right,"CC_Base_TearLine",2172,0,0
Mouth_Right,"CC_Base_Tongue",1300,130,9.0916772E-05
Mouth_Right,"CC_Toon_Teeth",16381,0,0
Jaw_Open,"Brows",3036,3036,0.00066976418
Jaw_Open,"CC_Base_Body",59930,19467,0.0199260619
Jaw_Open,"CC_Base_EyeOcclusion",650,0,0
Jaw_Open,"CC_Base_Tear_Ducts",275,275,0.000117894073
Jaw_Open,"CC_Base_Tongue",1300,1300,0.00278747221
Jaw_Open,"CC_Toon_Teeth",16381,0,0
V_Open,"Brows",3036,788,0.000150172622
V_Open,"CC_Base_Body",59930,10905,0.00898848288
V_Open,"CC_Base_Tear_Ducts",275,0,0
V_Explosive,"Brows",3036,0,0
V_Explosive,"CC_Base_Body",59930,7187,0.00241858
V_Explosive,"CC_Base_Tear_Ducts",275,0,0
V_Dental_Lip,"Brows",3036,0,0
V_Dental_Lip,"CC_Base_Body",59930,10607,0.00914733298
V_Dental_Lip,"CC_Base_Tear_Ducts",275,0,0
V_Tight_O,"Brows",3036,584,8.13717561E-05
V_Tight_O,"CC_Base_Body",59930,10568,0.0136587108
V_Tight_O,"CC_Base_Tear_Ducts",275,0,0
V_Tight,"Brows",3036,0,0
V_Tight,"CC_Base_Body",59930,8039,0.0101908427
V_Tight,"CC_Base_Tear_Ducts",275,0,0
V_Wide,"Brows",3036,0,0
V_Wide,"CC_Base_Body",59930,13273,0.00523024844
V_Wide,"CC_Base_Tear_Ducts",275,0,0
V_Affricate,"Brows",3036,0,0
V_Affricate,"CC_Base_Body",59930,10754,0.00857249461
V_Affricate,"CC_Base_Tear_Ducts",275,0,0
V_Lip_Open,"Brows",3036,0,0
V_Lip_Open,"CC_Base_Body",59930,6677,0.00589132542
V_Lip_Open,"CC_Base_Tear_Ducts",275,0,0
V_Tongue_up,"Brows",3036,0,0
V_Tongue_up,"CC_Base_Tongue",1300,1300,0.00183158251
V_Tongue_Out,"Brows",3036,0,0
V_Tongue_Out,"CC_Base_Tongue",1300,1300,0.0123049719
V_Tongue_Raise,"Brows",3036,0,0
V_Tongue_Raise,"CC_Base_Tongue",1300,1300,0.0118619259
